{
  "inline_broad": {
    "R@20": 0.3875,
    "R@5": 0.28229166666666666,
    "NDCG@20": 0.2525220240504798,
    "NDCG@5": 0.21336242315651024,
    "R@20_percent": 38.75,
    "R@5_percent": 28.2292,
    "NDCG@20_percent": 25.2522,
    "NDCG@5_percent": 21.3362
  },
  "inline_specific": {
    "R@20": 0.6212121212121212,
    "R@5": 0.3939393939393939,
    "NDCG@20": 0.37310233049581404,
    "NDCG@5": 0.307305531237712,
    "R@20_percent": 62.1212,
    "R@5_percent": 39.3939,
    "NDCG@20_percent": 37.3102,
    "NDCG@5_percent": 30.7306
  },
  "author_broad": {
    "R@20": 0.4857142857142857,
    "R@5": 0.37142857142857144,
    "NDCG@20": 0.364786818630318,
    "NDCG@5": 0.33282035183935593,
    "R@20_percent": 48.5714,
    "R@5_percent": 37.1429,
    "NDCG@20_percent": 36.4787,
    "NDCG@5_percent": 33.282
  },
  "author_specific": {
    "R@20": 0.7345971563981043,
    "R@5": 0.6255924170616114,
    "NDCG@20": 0.55264886921907,
    "NDCG@5": 0.520723870962807,
    "R@20_percent": 73.4597,
    "R@5_percent": 62.5592,
    "NDCG@20_percent": 55.2649,
    "NDCG@5_percent": 52.0724
  },
  "broad_avg": {
    "R@20": 0.4388059701492537,
    "R@5": 0.32885572139303487,
    "NDCG@20": 0.3111678122638281,
    "NDCG@5": 0.27576581873710126,
    "R@20_percent": 43.8806,
    "R@5_percent": 32.8856,
    "NDCG@20_percent": 31.1168,
    "NDCG@5_percent": 27.5766
  },
  "specific_avg": {
    "R@20": 0.7075812274368231,
    "R@5": 0.5703971119133574,
    "NDCG@20": 0.5098688275016154,
    "NDCG@5": 0.4698732918225317,
    "R@20_percent": 70.7581,
    "R@5_percent": 57.0397,
    "NDCG@20_percent": 50.9869,
    "NDCG@5_percent": 46.9873
  },
  "overall_avg": {
    "R@20": 0.5793969849246231,
    "R@5": 0.43807928531546625,
    "NDCG@20": 0.40477941315556165,
    "NDCG@5": 0.3628968553971573,
    "R@20_percent": 57.9397,
    "R@5_percent": 43.8079,
    "NDCG@20_percent": 40.4779,
    "NDCG@5_percent": 36.2897
  }
}