{
  "inline_broad": {
    "R@20": 0.3875,
    "R@5": 0.28229166666666666,
    "NDCG@20": 0.2525220240504798,
    "NDCG@5": 0.21336242315651024,
    "R@20_percent": 38.75,
    "R@5_percent": 28.2292,
    "NDCG@20_percent": 25.2522,
    "NDCG@5_percent": 21.3362
  },
  "inline_specific": {
    "R@20": 0.6212121212121212,
    "R@5": 0.3939393939393939,
    "NDCG@20": 0.3734505868721976,
    "NDCG@5": 0.307305531237712,
    "R@20_percent": 62.1212,
    "R@5_percent": 39.3939,
    "NDCG@20_percent": 37.3451,
    "NDCG@5_percent": 30.7306
  },
  "author_broad": {
    "R@20": 0.4857142857142857,
    "R@5": 0.37142857142857144,
    "NDCG@20": 0.364786818630318,
    "NDCG@5": 0.33282035183935593,
    "R@20_percent": 48.5714,
    "R@5_percent": 37.1429,
    "NDCG@20_percent": 36.4787,
    "NDCG@5_percent": 33.282
  },
  "author_specific": {
    "R@20": 0.7156398104265402,
    "R@5": 0.6066350710900474,
    "NDCG@20": 0.536597434113693,
    "NDCG@5": 0.50467243585743,
    "R@20_percent": 71.564,
    "R@5_percent": 60.6635,
    "NDCG@20_percent": 53.6597,
    "NDCG@5_percent": 50.4672
  },
  "broad_avg": {
    "R@20": 0.4388059701492537,
    "R@5": 0.32885572139303487,
    "NDCG@20": 0.3111678122638281,
    "NDCG@5": 0.27576581873710126,
    "R@20_percent": 43.8806,
    "R@5_percent": 32.8856,
    "NDCG@20_percent": 31.1168,
    "NDCG@5_percent": 27.5766
  },
  "specific_avg": {
    "R@20": 0.6931407942238267,
    "R@5": 0.555956678700361,
    "NDCG@20": 0.4977249001139143,
    "NDCG@5": 0.45764638638125177,
    "R@20_percent": 69.3141,
    "R@5_percent": 55.5957,
    "NDCG@20_percent": 49.7725,
    "NDCG@5_percent": 45.7646
  },
  "overall_avg": {
    "R@20": 0.5693467336683417,
    "R@5": 0.4288665549972083,
    "NDCG@20": 0.39765726760979975,
    "NDCG@5": 0.3559888980772179,
    "R@20_percent": 56.9347,
    "R@5_percent": 42.8867,
    "NDCG@20_percent": 39.7657,
    "NDCG@5_percent": 35.5989
  }
}